"0","ggplot(data = world_clusters_map, aes(fill = factor(cluster), text = paste0(""Country: "", name, ""\nCluster: "", cluster))) + "
"0","  geom_sf() + "
"0","  xlab("""") + "
"0","  ylab("""") +"
"0","  labs(fill = ""Cluster"") + "
"0","  labs(title = ""Countries Clustered by Cases Over Time"") +"
"0","  theme(panel.grid.major = element_line(color = gray(.5), linetype = ""dashed"", size = 0.5), panel.background = element_rect(fill = ""white""),                legend.position = ""bottom"", "
"0","              legend.text= element_text(size = 5),"
"0","              legend.key.size = unit(1, ""line"")"
"0","              ) + "
"0","  scale_fill_brewer(palette = ""Accent"")"
