{"chunk_definitions":[{"row":7,"row_count":1,"visible":true,"expansion_state":0,"options":{"engine":"r","include":false,"label":"unnamed-chunk-1"},"document_id":"454EDB1E","chunk_id":"c12g3qlztgr8v","chunk_label":"unnamed-chunk-1"},{"row":22,"row_count":1,"visible":true,"expansion_state":0,"options":{"engine":"r","echo":false,"message":false,"warning":false,"comment":false,"label":"unnamed-chunk-2"},"document_id":"454EDB1E","chunk_id":"cwbilu205dx7g","chunk_label":"unnamed-chunk-2"}],"doc_write_time":1649864563}