"0","variants_plot <- us %>% "
"0","  ggplot(aes(x = date)) +"
"0","  geom_line(aes(y = perc_sequences, color = variant), show.legend = FALSE) +"
"0"," # geom_vline(aes(xintercept = ymd(20200706)), color = ""black"") +"
"0"," # geom_vline(aes(xintercept = ymd(20210517)), color = ""black"") + "
"0"," # geom_vline(aes(xintercept = ymd(20211004)), color = ""black"") + "
"0","  #  geom_vline(aes(xintercept = ymd(20220105)), color = ""black"") + "
"0","  theme_minimal()"
"0",""
"0","cases_plot <- us %>% "
"0","  ggplot(aes(x = date)) +"
"0","  geom_line(aes(y = new_cases_per_million), show.legend = FALSE) +"
"0","  geom_line(aes(y = new_deaths_per_million)) + "
"0"," # geom_vline(aes(xintercept = ymd(20200706)), color = ""black"") +"
"0"," # geom_vline(aes(xintercept = ymd(20210517)), color = ""black"") + "
"0"," # geom_vline(aes(xintercept = ymd(20211004)), color = ""black"") + "
"0","  #  geom_vline(aes(xintercept = ymd(20220105)), color = ""black"") + "
"0","  theme_minimal()"
"0",""
"0","deaths_plot <- us %>% "
"0","  ggplot(aes(x = date)) +"
"0","  geom_line(aes(y = new_deaths_per_million)) + "
"0"," # geom_vline(aes(xintercept = ymd(20200706)), color = ""black"") +"
"0","#geom_vline(aes(xintercept = ymd(20210517)), color = ""black"") + "
"0","#  geom_vline(aes(xintercept = ymd(20211004)), color = ""black"") + "
"0","  #  geom_vline(aes(xintercept = ymd(20220105)), color = ""black"") + "
"0","  theme_minimal()"
