"0","joined_clusters %>% "
"0","  group_by(location) %>% "
"0","  summarise(most_recent_date = date[max(which(!is.na(new_cases_smoothed)))],"
"0","            new_cases = new_cases_smoothed[max(which(!is.na(new_cases_smoothed)))],"
"0","            cluster = cluster[1]) %>% "
"0","  merge(world_variants_df[, c(""location"", ""prevalent_variant"")], by = ""location"") %>% "
"0","  arrange(-new_cases) %>% "
"0","  rename(Location = location,"
"0","         `Most Recent Date` = most_recent_date,"
"0","         `New Cases` = new_cases,"
"0","         Cluster = cluster,"
"0","         `Prevalent Variant` = prevalent_variant) %>% "
"0","  kable(caption = ""Most Recent Report of New Cases, Cluster assignment, and Most Prevalent Variant by Location"") %>% "
"0","  kable_paper(""striped"", full_width = F)"
