"0","cluster5 <- joined_clusters %>% "
"0","  filter(cluster == ""5"")"
"0",""
"0","ggplot(cluster5, aes(date, new_cases_smoothed)) +"
"0","  geom_line(color = ""grey"") +"
"0","  theme_minimal() +"
"0","  geom_smooth(method = ""auto"", color = ""red"", se = F, size = 0.5) +"
"0","  facet_wrap(~location, scale = 'free')+ "
"0","  labs(title = ""Cluster 5 New Cases Smoothed"", x = """", y = """") + "
"0","  scale_y_continuous(labels = comma)"
"2","`geom_smooth()` using method = 'loess' and formula 'y ~ x'
"
