"0",""
"0","ggplot(data = world_variants_map, aes(fill = prevalent_variant, text = paste0(""Country: "", name, ""\nLast date: "", most_recent_date))) + "
"0","  geom_sf() + "
"0","  xlab("""") + "
"0","  ylab("""") + "
"0","  labs(title = ""Most Prevalent Covid Variant by Country - Asia"") +"
"0","  theme(panel.grid.major = element_line(color = gray(.5), linetype = ""dashed"", size = 0.5), panel.background = element_rect(fill = ""white""),                legend.position = ""right"", "
"0","              legend.text= element_text(size = 6),"
"0","              legend.title = element_blank(),"
"0","              legend.key.size = unit(1, ""line"")"
"0","              )  + "
"0","  coord_sf(xlim = c(50, 150), ylim = c(-20, 60), expand = FALSE)"
