{"chunk_definitions":[{"row":8,"row_count":1,"visible":true,"expansion_state":0,"options":{"engine":"r","label":"unnamed-chunk-1"},"document_id":"1AA43BD5","chunk_id":"cwwajbeep3no2","chunk_label":"unnamed-chunk-1"},{"row":14,"row_count":1,"visible":true,"expansion_state":0,"options":{"engine":"r","label":"unnamed-chunk-2"},"document_id":"1AA43BD5","chunk_id":"cwh5hay6oo0gh","chunk_label":"unnamed-chunk-2"},{"row":23,"row_count":1,"visible":true,"expansion_state":0,"options":{"engine":"r","label":"unnamed-chunk-3"},"document_id":"1AA43BD5","chunk_id":"cqwrc7b3c6rzn","chunk_label":"unnamed-chunk-3"},{"row":45,"row_count":1,"visible":true,"expansion_state":0,"options":{"engine":"r","label":"unnamed-chunk-4"},"document_id":"1AA43BD5","chunk_id":"c3tbfv0w2jgeu","chunk_label":"unnamed-chunk-4"}],"doc_write_time":1649693228}