"0",""
"0","ggplot(data = world_cases_per_mil_map, aes(fill = new_cases_per_mil, text = paste0(""Country: "", name, ""\nLast date: "", most_recent_date))) + "
"0","  geom_sf() + "
"0","  xlab("""") + "
"0","  ylab("""") +"
"0","  labs(fill = ""New Cases Per Million"") + "
"0","  labs(title = ""New Cases Per Million by Country - Europe"") +"
"0","  theme(panel.grid.major = element_line(color = gray(.5), linetype = ""dashed"", size = 0.5), panel.background = element_rect(fill = ""white""),                legend.position = ""right"", "
"0","              legend.text= element_text(size = 5),"
"0","              legend.key.size = unit(1, ""line"")"
"0","              ) + "
"0","  scale_fill_viridis_c(option = ""F"", direction = -1) +"
"0","     coord_sf(xlim = c(-20, 45), ylim = c(30, 73), expand = FALSE)"
