"0","cluster1 <- joined_clusters %>% "
"0","  filter(cluster == ""1"")"
"0",""
"0","p <- ggplot(cluster1, aes(date, new_cases_smoothed)) +"
"0","  geom_line(aes(color = location)) +"
"0","  theme_minimal() +"
"0","  geom_smooth(method = ""auto"", color = ""red"", se = F, size = 0.5) +"
"0","  theme(legend.position = ""none"") +"
"0"," # facet_wrap(~location, scale = 'free') "
"0","  labs(title = ""Cluster 1"")"
"0",""
"0","p"
"2","`geom_smooth()` using method = 'gam' and formula 'y ~ s(x, bs = ""cs"")'
"
