"0","#Helper function for filtering data"
"0","my_data <- function(country_covid_filter, country_gisaid_filter){"
"0","  data <- covid %>% "
"0","    filter(location == country_covid_filter)"
"0","  gisaid_data <- gisaid_variants %>% "
"0","    filter(Country == country_gisaid_filter)"
"0","  data <- left_join(data, gisaid_data, by = ""date"")"
"0","  data"
"0","}"
"0",""
"0","#covid - United States"
"0","#gisaid - ""USA"""
"0",""
"0","us <- my_data(""United States"", ""USA"")"
"0","france <- my_data(""France"", ""France"")"
"0","germany <- my_data(""Germany"", ""Germany"")"
"0","skorea <- my_data(""South Korea"", ""South Korea"")"
"0","china <- my_data(""China"", ""China"")"
"0","austria <- my_data(""Austria"", ""Austria"")"
