"0","covid <- read_csv(""data/owid-covid-data.csv"",show_col_types = FALSE)"
"0","#variants <- read_csv(""data/covid-variants.csv"",show_col_types = FALSE)"
"0",""
"0","gisaid <- as.data.frame(fread(""data/gisaid_variants_statistics.tsv"")) %>% "
"0","  rename(date = `Week prior to`,"
"0","         count = `Submission Count`,"
"0","         perc_sequences = `% per Country and Week`,"
"0","         total = `Total per Country and Week`,"
"0","         variant = Value) %>% "
"0","  mutate(date = ymd(date),"
"0","         perc_sequences = round(count / total * 100, 3))# %>% "
"0","#  separate(variant, into = c(""variant"", ""origin""), sep = c(""first detected in ""))"
"0",""
"0","gisaid_variants <- gisaid %>% "
"0","  filter(Type == ""Variant"") %>%"
"0","  separate(variant, c(""variant"", ""origin""), sep = ""first detected in "") %>% "
"0","  select(-Type)"
