"0","us %>% "
"0","  ggplot(aes(x = date)) +"
"0","  geom_line(aes(y = people_vaccinated_per_hundred)) +"
"0","#  geom_vline(aes(xintercept = ymd(20200706)), color = ""black"") +"
"0","# geom_vline(aes(xintercept = ymd(20210517)), color = ""black"") + "
"0","# geom_vline(aes(xintercept = ymd(20211004)), color = ""black"") + "
"0","#    geom_vline(aes(xintercept = ymd(20220105)), color = ""black"") + "
"0","  theme_minimal()"
"2","Warning:"
"2"," Removed 695 row(s) containing missing values (geom_path).
"
