"0","world_variants_df <- gisaid_variants %>% "
"0","    group_by(Country,) %>% "
"0","    mutate(Country = case_when("
"0","      Country == ""USA"" ~ ""United States"","
"0","          TRUE ~ as.character(Country)"
"0","          )) %>% "
"0","  summarise(most_recent_date = date[n()],"
"0","            prevalent_variant = variant[date == date[n()] & perc_sequences == max(perc_sequences[date == date[n()]])],"
"0","            .groups = 'drop') %>% "
"0","  arrange(desc(most_recent_date)) %>% "
"0","  rename(location = Country)"
"0",""
"0","world_variants_df %>% "
"0","  rename(Location = location,"
"0","         `Most Recent Date` = most_recent_date,"
"0","         `Prevalent Variant` = prevalent_variant) %>% "
"0","  arrange(desc(`Most Recent Date`)) %>% "
"0","  kable(caption = ""Most Prevalent Variant by Location"") %>% "
"0","  kable_paper(""striped"", full_width = FALSE)"
