"0","cluster2 <- joined_clusters %>% "
"0","  filter(cluster == ""2"")"
"0",""
"0","ggplot(cluster2, aes(date, new_cases_smoothed)) +"
"0","  geom_line(color = ""grey"") +"
"0","  theme_minimal() +"
"0","  geom_smooth(method = ""auto"", color = ""red"", se = F, size = 0.5) +"
"0","  facet_wrap(~location, scales = 'free') + "
"0","  theme(axis.text.x = element_blank()) + "
"0","  labs(title = ""Cluster 2 New Cases Smoothed"", x = """", y = """")+ "
"0","  scale_y_continuous(labels = comma)"
"2","`geom_smooth()` using method = 'loess' and formula 'y ~ x'
"
