"0","cluster3 <- joined_clusters %>% "
"0","  filter(cluster == ""3"")"
"0",""
"0","ggplot(cluster3, aes(date, new_cases_smoothed)) +"
"0","  geom_line(color = ""grey"") +"
"0","  theme_minimal() +"
"0","  geom_smooth(method = ""auto"", color = ""red"", se = F, size = 0.5) +"
"0","  facet_wrap(~location, scales = 'free') + "
"0","  theme(axis.text.x = element_blank(), axis.text.y = element_text(size = 6.5))+ "
"0","  labs(title = ""Cluster 3 New Cases Smoothed"", y = """", x = """")+ "
"0","  scale_y_continuous(labels = comma)"
"2","`geom_smooth()` using method = 'loess' and formula 'y ~ x'
"
