"0","#Vaccines forecast"
"0","clean %>%"
"0","  ggplot() +"
"0","  geom_line(aes(y = new_vaccinations_smoothed, x = date), colour = ""black"") +"
"0","  geom_ribbon(data = forecast3, aes(x = date, ymin = Lo95, ymax = Hi95), fill = ""gray"", alpha = 0.5) +"
"0","  geom_line(data = forecast3, aes(x = date, y = pred), linetype = 2, colour = ""red"") + "
"0","  theme_minimal() + "
"0","  scale_y_continuous(labels = comma) +"
"0","  labs(title = paste(my_location, ""30 Day Forecast of New Vaccinations""), x = """", y = """")"
"2","Warning:"
"2"," Removed 336 row(s) containing missing values (geom_path).
"
