"0",""
"0","seq(clean$date[length(clean$date)] + 1, by = ""days"", length.out = 30)"
"1"," [1]"
"1"," ""2022-04-20"""
"1"," ""2022-04-21"""
"1"," ""2022-04-22"""
"1"," ""2022-04-23"""
"1"," ""2022-04-24"""
"1"," ""2022-04-25"""
"1"," ""2022-04-26"""
"1"," ""2022-04-27"""
"1"," ""2022-04-28"""
"1","
"
"1","[10]"
"1"," ""2022-04-29"""
"1"," ""2022-04-30"""
"1"," ""2022-05-01"""
"1"," ""2022-05-02"""
"1"," ""2022-05-03"""
"1"," ""2022-05-04"""
"1"," ""2022-05-05"""
"1"," ""2022-05-06"""
"1"," ""2022-05-07"""
"1","
"
"1","[19]"
"1"," ""2022-05-08"""
"1"," ""2022-05-09"""
"1"," ""2022-05-10"""
"1"," ""2022-05-11"""
"1"," ""2022-05-12"""
"1"," ""2022-05-13"""
"1"," ""2022-05-14"""
"1"," ""2022-05-15"""
"1"," ""2022-05-16"""
"1","
"
"1","[28]"
"1"," ""2022-05-17"""
"1"," ""2022-05-18"""
"1"," ""2022-05-19"""
"1","
"
"0","forecast <- data.frame(date = seq(clean$date[length(clean$date)] + 1, by = ""days"", length.out = 30), "
"0","           pred = forecastedValues$mean, "
"0","           Lo95 = forecastedValues$lower[,2],"
"0","           Hi95 = forecastedValues$upper[,2])"
"0",""
"0","forecast2 <- data.frame(date = seq(clean$date[length(clean$date)] + 1, by = ""days"", length.out = 30), "
"0","           pred = forecastedValues2$mean, "
"0","           Lo95 = forecastedValues2$lower[,2],"
"0","           Hi95 = forecastedValues2$upper[,2])"
"0",""
"0","forecast3 <- data.frame(date = seq(clean$date[length(clean$date)] + 1, by = ""days"", length.out = 30), "
"0","           pred = forecastedValues3$mean, "
"0","           Lo95 = forecastedValues3$lower[,2],"
"0","           Hi95 = forecastedValues3$upper[,2])"
"0",""
"0","forecast4 <- data.frame(date = seq(clean$date[length(clean$date)] + 1, by = ""days"", length.out = 30), "
"0","           pred = forecastedValues4$mean, "
"0","           Lo95 = forecastedValues4$lower[,2],"
"0","           Hi95 = forecastedValues4$upper[,2])"
"0",""
"0","#plot(forecastedValues)"
"0",""
"0","#cases forecast"
"0","clean %>%"
"0","  ggplot() +"
"0","  geom_line(aes(y = new_cases_smoothed, x = date), colour = ""black"") +"
"0","  geom_ribbon(data = forecast, aes(x = date, ymin = Lo95, ymax = Hi95), fill = ""gray"", alpha = 0.5) +"
"0","  geom_line(data = forecast, aes(x = date, y = pred), linetype = 2, colour = ""red"") + "
"0","  theme_minimal() + "
"0","  scale_y_continuous(labels = comma) +"
"0","  labs(title = paste(my_location, ""30 Day Forecast of New Cases""), x = """", y = """")"
"2","Warning:"
"2"," Removed 6 row(s) containing missing values (geom_path).
"
