"0","cluster4 <- joined_clusters %>% "
"0","  filter(cluster == ""4"")"
"0",""
"0","ggplot(cluster4, aes(date, new_cases_smoothed)) +"
"0","  geom_line(color = ""grey"") +"
"0","  theme_minimal() +"
"0","  geom_smooth(method = ""auto"", color = ""red"", se = F, size = 0.5) +"
"0","  facet_wrap(~location, scale = 'free')+ "
"0","  labs(title = ""Cluster 4 New Cases Smoothed"", y = """", x = """") + "
"0","  scale_y_continuous(labels = comma)"
"2","`geom_smooth()` using method = 'loess' and formula 'y ~ x'
"
