"0","world_cases_per_mil_df %>% "
"0","  filter(location %!in% c(""World"", ""High income"", ""Europe"", ""European Union"", ""Asia"", ""Upper middle income"", ""Lower middle income"", ""Oceania"", ""North America"", ""South America"")) %>% "
"0","  rename(Location = location,"
"0","         `Most Recent Date` = most_recent_date,"
"0","         `New Cases Per Million` = new_cases_per_mil) %>% "
"0","  arrange(-`New Cases Per Million`) %>% "
"0","  kable(caption = ""Most Recent Record of New Cases Per Million by Location"") %>%"
"0","  kable_paper(""striped"", full_width = F)"
