"0","data <- data %>% "
"0","  mutate(ACT_score = case_when("
"0","    ACT < 21 ~ ""Below Avg"","
"0","    ACT == 21 ~ ""Avg"", "
"0","    ACT > 21 ~ ""Greater than Avg"","
"0","    ACT == ""NA"" ~ ""NA"""
"0","    ),"
"0","    SAT_score = case_when("
"0","      SAT < 1500 ~ ""Below Avg"","
"0","      SAT == 1500 ~ ""Avg"","
"0","      SAT > 1500 ~ ""Greater than Avg"", "
"0","      SAT == ""NA"" ~ ""NA"""
"0","    ),"
"0","    Concord = case_when("
"0","      ACT_score == ""Below Avg"" | SAT_score == ""Below Avg"" ~ ""Below Avg"","
"0","      ACT_score == ""Avg"" | SAT_score == ""Avg"" ~ ""Avg"","
"0","      ACT_score == ""Greater than Avg"" | SAT_score == ""Greater than Avg"" ~ ""Greater than Avg"""
"0","    ))"
"0","  "
