{"chunk_definitions":[{"row":16,"row_count":1,"visible":true,"expansion_state":0,"options":{"engine":"r","echo":false,"message":false,"warning":false,"label":"unnamed-chunk-1"},"document_id":null,"chunk_id":"csbzu4bpgzw9a","chunk_label":"unnamed-chunk-1"},{"row":21,"row_count":1,"visible":true,"expansion_state":0,"options":{"engine":"r","echo":false,"label":"unnamed-chunk-1"},"document_id":null,"chunk_id":"ca5jc13kuwf9u","chunk_label":"unnamed-chunk-2"},{"row":34,"row_count":1,"visible":true,"expansion_state":0,"options":{"engine":"r","label":"unnamed-chunk-12"},"document_id":"15B904E1","chunk_id":"ck0a1e5vhoejs","chunk_label":"unnamed-chunk-3"},{"row":39,"row_count":1,"visible":true,"expansion_state":0,"options":{"engine":"r","label":"unnamed-chunk-17"},"document_id":"7DC3595E","chunk_id":"cgdm14texdf5l","chunk_label":"unnamed-chunk-4"},{"row":51,"row_count":1,"visible":true,"expansion_state":0,"options":{"engine":"r","label":"unnamed-chunk-18"},"document_id":null,"chunk_id":"c32qd7tdmcsjf","chunk_label":"unnamed-chunk-5"},{"row":60,"row_count":1,"visible":true,"expansion_state":0,"options":{"engine":"r","label":"unnamed-chunk-19"},"document_id":null,"chunk_id":"co5qjcxbrsdgw","chunk_label":"unnamed-chunk-6"},{"row":68,"row_count":1,"visible":true,"expansion_state":0,"options":{"engine":"r","label":"unnamed-chunk-20"},"document_id":null,"chunk_id":"cary25mkyxjl5","chunk_label":"unnamed-chunk-7"},{"row":73,"row_count":1,"visible":true,"expansion_state":0,"options":{"engine":"r","label":"unnamed-chunk-21"},"document_id":null,"chunk_id":"cqkb0hg11nqxx","chunk_label":"unnamed-chunk-8"},{"row":77,"row_count":1,"visible":true,"expansion_state":0,"options":{"engine":"r","label":"unnamed-chunk-22"},"document_id":null,"chunk_id":"ckzn5pb7rdv0y","chunk_label":"unnamed-chunk-9"},{"row":84,"row_count":1,"visible":true,"expansion_state":0,"options":{"engine":"r","label":"unnamed-chunk-4"},"document_id":null,"chunk_id":"cp0bjshj7qw2e","chunk_label":"unnamed-chunk-10"},{"row":114,"row_count":1,"visible":true,"expansion_state":0,"options":{"engine":"r","label":"unnamed-chunk-5"},"document_id":null,"chunk_id":"cydknp278usz2","chunk_label":"unnamed-chunk-11"},{"row":118,"row_count":1,"visible":true,"expansion_state":0,"options":{"engine":"r","label":"unnamed-chunk-6"},"document_id":null,"chunk_id":"cavtn0dzyidm8","chunk_label":"unnamed-chunk-12"},{"row":122,"row_count":1,"visible":true,"expansion_state":0,"options":{"engine":"r","label":"unnamed-chunk-8"},"document_id":null,"chunk_id":"chou60yrd7x1r","chunk_label":"unnamed-chunk-13"},{"row":126,"row_count":1,"visible":true,"expansion_state":0,"options":{"engine":"r","label":"unnamed-chunk-9"},"document_id":null,"chunk_id":"cxyfmufbr17py","chunk_label":"unnamed-chunk-14"},{"row":137,"row_count":1,"visible":true,"expansion_state":0,"options":{"engine":"r","label":"unnamed-chunk-31"},"document_id":null,"chunk_id":"c7hegc3gl2ank","chunk_label":"unnamed-chunk-15"},{"row":142,"row_count":1,"visible":true,"expansion_state":0,"options":{"engine":"r","label":"unnamed-chunk-11"},"document_id":"15B904E1","chunk_id":"cbuda1vx7oc0h","chunk_label":"unnamed-chunk-16"},{"row":146,"row_count":1,"visible":true,"expansion_state":0,"options":{"engine":"r","label":"unnamed-chunk-1"},"document_id":"15B904E1","chunk_id":"ccmwpag2cn7or","chunk_label":"unnamed-chunk-17"},{"row":150,"row_count":1,"visible":true,"expansion_state":0,"options":{"engine":"r","label":"unnamed-chunk-27"},"document_id":"15B904E1","chunk_id":"casnl5uurluk3","chunk_label":"unnamed-chunk-18"},{"row":162,"row_count":1,"visible":true,"expansion_state":0,"options":{"engine":"r","warn":false,"label":"unnamed-chunk-3"},"document_id":"15B904E1","chunk_id":"cihnflphmiife","chunk_label":"unnamed-chunk-19"}],"doc_write_time":1648666265,"chunk_rendered_width":700}