"0","variants_plot <- ggplot(data = us, aes(x = date)) +"
"0","  geom_area(aes(y = perc_sequences, color = variant, fill = variant), position = ""dodge"", show.legend = FALSE) +"
"0","  theme_minimal()"
"0",""
"0",""
"0","cases_plot <-"
"0","  ggplot(data = us, aes(x = date)) +"
"0","  geom_line(aes(y = new_cases_per_million), show.legend = FALSE) +"
"0","  geom_line(aes(y = new_deaths_per_million)) + "
"0","  theme_minimal()"
"0",""
"0",""
"0","deaths_plot <- ggplot(data = us, aes(x = date)) +"
"0","  geom_line(aes(y = new_deaths_per_million)) + "
"0","  theme_minimal()"
"0",""
"0",""
"0","vaccinations_plot <- ggplot(us, aes(x = date)) +"
"0","  geom_line(aes(y = new_vaccinations_smoothed_per_million)) +"
"0","  theme_minimal()"
"0",""
"0",""
"0","variants_cases_plot <- ggplot(data = us, aes(x = date)) + "
"0","  geom_area(aes(y = perc_sequences, color = variant, fill = variant), show.legend =FALSE, alpha = 0.5, position = ""dodge"") + "
"0","  geom_line(aes(y = new_cases_smoothed_per_million / 40)) + "
"0","  scale_y_continuous(""Percent of Sequences"", sec.axis=sec_axis(~.*40, name = ""New Cases Per Million"")) + "
"0","  theme_minimal() + "
"0","  labs(title = ""Proportion of Covid Variants vs New Cases Per Million"")  +"
"0","  annotate(geom=""label"", x=ymd(20210501), y=75, label=""Alpha"") +"
"0","  annotate(geom=""label"", x=ymd(20210901), y=75, label=""Delta"") +"
"0","  annotate(geom=""label"", x=ymd(20220201), y=75, label=""Omicron"") + "
"0","  geom_vline(xintercept = ymd(20210101), linetype=2) +"
"0","  annotate(geom=""label"", x=ymd(20210101), y=25, label=""Vaccines Publicly Available"")"
"0",""
"0",""
"0","variants_deaths_plot <- ggplot(data = us, aes(x = date)) + "
"0","  geom_area(aes(y = perc_sequences, color = variant, fill = variant),show.legend =FALSE, alpha = 0.5, position = ""dodge"") + "
"0","  geom_line(aes(y = new_deaths_smoothed_per_million*5)) + "
"0","  scale_y_continuous(""Percent of Sequences"", sec.axis=sec_axis(~./5, name = ""New Deaths Per Million"")) + "
"0","  theme_minimal() + "
"0","  labs(title = ""Proportion of Covid Variants vs New Deaths Per Million - USA"", x = """") +"
"0","  annotate(geom=""label"", x=ymd(20210501), y=50, label=""Alpha"") +"
"0","  annotate(geom=""label"", x=ymd(20210901), y=75, label=""Delta"") +"
"0","  annotate(geom=""label"", x=ymd(20220201), y=75, label=""Omicron"") + "
"0","  geom_vline(xintercept = ymd(20210101), linetype=2) +"
"0","  annotate(geom=""label"", x=ymd(20210101), y=25, label=""Vaccines Publicly Available"")"
"0",""
"0",""
"0","cases_vaccinations_plot <- ggplot(data = us, aes(x = date)) +"
"0","  geom_line(aes(y = new_cases_smoothed_per_million), show.legend = FALSE) +"
"0","  geom_line(aes(y = people_vaccinated_per_hundred*50)) + "
"0","  scale_y_continuous(""New Cases Per Million"", sec.axis=sec_axis(~./50, name = ""People Vaccinated Per Hundred"")) + "
"0","  theme_minimal() + "
"0","  labs(title = ""New Cases Per Million vs. People Vaccinated Per Hundred - USA"", x = """") + "
"0","  geom_vline(xintercept = ymd(20210101), linetype=2) +"
"0","  annotate(geom=""label"", x=ymd(20210101), y=25, label=""Vaccines Publicly Available"")"
"0",""
"0","deaths_vaccinations_plot <- ggplot(us, aes(x = date)) +"
"0","  geom_line(aes(y = new_deaths_per_million), show.legend = FALSE) +"
"0","  geom_line(aes(y = people_fully_vaccinated_per_hundred/7)) + "
"0","  scale_y_continuous(""New Deaths Per Million"", sec.axis=sec_axis(~.*7, name = ""People Vaccinated Per Hundred"")) + "
"0","  theme_minimal() + "
"0","  labs(title = ""New Deaths Per Million vs. People Fully Vaccinated Per Hundred - USA"", x = """") + "
"0","  geom_vline(xintercept = ymd(20210101), linetype=2) +"
"0","  annotate(geom=""label"", x=ymd(20210101), y=25, label=""Vaccines Publicly Available"")"
"0",""
"0",""
"0","variants_hospitalizations_plot <- ggplot(us, aes(x = date)) + "
"0","  geom_area(aes(y = perc_sequences, color = variant, fill = variant), show.legend =FALSE, alpha = 0.5, position = ""dodge"") + "
"0","  geom_line(aes(y = weekly_hosp_admissions_per_million / 5)) + "
"0","  scale_y_continuous(""Percent of Sequences"", sec.axis=sec_axis(~.*5, name = ""Hospitalizations Per Million"")) + "
"0","  theme_minimal() + "
"0","  labs(title = ""Proportion of Covid Variants vs Hospitalizations Per Million - USA"", x = """") + "
"0","  geom_vline(xintercept = ymd(20210101), linetype=2) +"
"0","  annotate(geom=""label"", x=ymd(20210101), y=25, label=""Vaccines Publicly Available"") +"
"0","  annotate(geom=""label"", x=ymd(20210501), y=50, label=""Alpha"") +"
"0","  annotate(geom=""label"", x=ymd(20210901), y=75, label=""Delta"") +"
"0","  annotate(geom=""label"", x=ymd(20220201), y=75, label=""Omicron"") + "
"0","  geom_vline(xintercept = ymd(20210101), linetype=2) +"
"0","  annotate(geom=""label"", x=ymd(20210101), y=25, label=""Vaccines Publicly Available"")"
"0",""
"0","variants_vaccinations_plot <- ggplot(us, aes(x = date)) + "
"0","  geom_area(aes(y = perc_sequences, color = variant, fill = variant), show.legend =FALSE, alpha = 0.5, position = ""dodge"") + "
"0","  geom_line(aes(y = people_fully_vaccinated_per_hundred)) + "
"0","  scale_y_continuous(""Percent of Sequences"", sec.axis=sec_axis(~., name = ""People Vaccinated Per Hundred"")) + "
"0","  theme_minimal() + "
"0","  labs(title = ""Proportion of Covid Variants vs People Fully Vaccinated - USA"", x = """") +"
"0","  annotate(geom=""label"", x=ymd(20210501), y=50, label=""Alpha"") +"
"0","  annotate(geom=""label"", x=ymd(20210901), y=75, label=""Delta"") +"
"0","  annotate(geom=""label"", x=ymd(20220201), y=75, label=""Omicron"") + "
"0","  geom_vline(xintercept = ymd(20210101), linetype=2) +"
"0","  annotate(geom=""label"", x=ymd(20210101), y=25, label=""Vaccines Publicly Available"")"
