"0","world_cases_per_mil_df <- covid %>% "
"0","  group_by(location) %>% "
"0","  summarise(most_recent_date = date[max(which(!is.na(new_cases_smoothed_per_million)))],"
"0","              new_cases_per_mil = new_cases_smoothed_per_million[max(which(!is.na(new_cases_smoothed_per_million)))])"
"0",""
"0","world_cases_df <- covid %>% "
"0","  group_by(location) %>% "
"0","  summarise(most_recent_date = date[max(which(!is.na(new_cases_smoothed)))],"
"0","              new_cases = new_cases_smoothed[max(which(!is.na(new_cases_smoothed)))])"
