"0","world_cases_df %>% "
"0","  filter(location %!in% c(""World"", ""High income"", ""Europe"", ""European Union"", ""Asia"", ""Upper middle income"", ""Lower middle income"", ""Oceania"", ""North America"", ""South America"")) %>% "
"0","  arrange(-new_cases) %>% "
"0","  rename(Location = location,"
"0","         `Most Recent Date` = most_recent_date,"
"0","         `New Cases` = new_cases) %>% "
"0","  kable(caption = ""Most Recent Report of New Cases by Location"") %>% "
"0","  kable_paper(""striped"", full_width = F)"
