"0","#create clusters"
"0","clustered_data <- cutree(fit, k = 5)"
"0","clustered_data_tidy <- as.data.frame(as.table(clustered_data)) %>% "
"0","  glimpse()"
"1","Rows: 216"
"1",""
"1","
"
"1","Columns: 2"
"1",""
"1","
"
"1","$ Var1 [3m[38;5;246m<fct>[39m[23m Afghanistan, Albania, Algeria, Andorra, Angola, Anguilla, Antigua and Barbuda, Argentina, Armenia, Aruba, Aus~
$ Freq [3m[38;5;246m<int>[39m[23m 1, 1, 1, 1, 1, 1, 1, 2, 1, 1, 2, 3, 1, 1, 1, 1, 1, 1, 3, 1, 1, 1, 1, 1, 1, 1, 1, 2, 1, 1, 1, 1, 1, 1, 1, 3, 1~"
"1",""
"1","
"
"0","colnames(clustered_data_tidy) <- c(""location"", ""cluster"")"
"0","clustered_data_tidy$location <- as.character(clustered_data_tidy$location)"
"0",""
"0","#join clusters to location"
"0","joined_clusters <- cases %>% "
"0","  inner_join(clustered_data_tidy, by = ""location"") %>% "
"0","  glimpse()"
"1","Rows: 162,534"
"1",""
"1","
"
"1","Columns: 4"
"1",""
"1","
"
"1","$ date               [3m[38;5;246m<date>[39m[23m 2020-02-29, 2020-03-01, 2020-03-02, 2020-03-03, 2020-03-04, 2020-03-05, 2020-03-06, 2020-03-07~
$ location           [3m[38;5;246m<chr>[39m[23m ""Afghanistan"", ""Afghanistan"", ""Afghanistan"", ""Afghanistan"", ""Afghanistan"", ""Afghanistan"", ""Afgh~
$ new_cases_smoothed [3m[38;5;246m<dbl>[39m[23m 0.714, 0.714, 0.000, 0.000, 0.000, 0.000, 0.000, 0.429, 0.429, 0.429, 0.429, 0.857, 0.857, 0.85~
$ cluster            [3m[38;5;246m<int>[39m[23m 1, 1, 1, 1, 1, 1, 1, 1, 1, 1, 1, 1, 1, 1, 1, 1, 1, 1, 1, 1, 1, 1, 1, 1, 1, 1, 1, 1, 1, 1, 1, 1,~"
"1",""
"1","
"
"0","#print table of clusters and counts"
"0","table(clustered_data_tidy$cluster)"
"1","
"
"1","  1 "
"1","  2 "
"1","  3 "
"1","  4 "
"1","  5 "
"1","
"
"1","178 "
"1"," 14 "
"1"," 22 "
"1","  1 "
"1","  1 "
"1","
"
