"0","#create cases set"
"0","cases <- covid %>% "
"0","  filter(location %!in% c(""World"", ""High income"", ""Europe"", ""European Union"", ""Asia"", ""Upper middle income"", ""Lower middle income"", ""Oceania"", ""North America"", ""South America"", ""Africa"", ""Low income"")) %>% "
"0","  select(date, location, new_cases_smoothed) %>%"
"0","  drop_na()"
"0",""
"0","#spread data by cases"
"0","spread_cases <- cases %>% "
"0","  select(date, location, new_cases_smoothed) %>% "
"0","  drop_na %>% "
"0","  spread(location, new_cases_smoothed)"
"0",""
"0","#euclidean distance and ward's method"
"0","cases_t <- t(spread_cases[-1])"
"0","cases_dist <- dist(cases_t, method = ""euclidean"")"
"0","fit <- hclust(cases_dist, method = ""ward.D"")"
"0",""
"0","#dendrogram"
"0","library(ggdendro)"
"0","ggdendrogram(fit, rotate = TRUE, theme_dendro = FALSE) +"
"0","  theme_minimal() + xlab("""") + ylab("""") + scale_y_continuous(labels = comma)"
"2","Scale for 'y' is already present. Adding another scale for 'y', which will replace the existing scale.
"
