[{"name":"htmlwidgets","version":"1.5.4","src":{"file":"www"},"meta":null,"script":"htmlwidgets.js","stylesheet":null,"head":null,"attachment":null,"package":"htmlwidgets","all_files":true},{"name":"datatables-css","version":"0.0.0","src":{"file":"htmlwidgets\/css"},"meta":null,"script":null,"stylesheet":"datatables-crosstalk.css","head":null,"attachment":null,"package":"DT","all_files":true},{"name":"datatables-binding","version":"0.21","src":{"file":"htmlwidgets"},"meta":null,"script":"datatables.js","stylesheet":null,"head":null,"attachment":null,"package":"DT","all_files":false},{"name":"jquery","version":"3.6.0","src":{"file":"lib\/3.6.0"},"meta":null,"script":"jquery-3.6.0.min.js","stylesheet":null,"head":null,"attachment":null,"package":"jquerylib","all_files":true},{"name":"dt-core","version":"1.11.3","src":{"file":"C:\/Users\/ebard\/OneDrive - Florida Polytechnic University\/Documents\/R\/win-library\/4.1\/DT\/htmlwidgets\/lib\/datatables"},"meta":null,"script":"js\/jquery.dataTables.min.js","stylesheet":["css\/jquery.dataTables.min.css","css\/jquery.dataTables.extra.css"],"head":null,"attachment":null,"package":null,"all_files":false},{"name":"nouislider","version":"7.0.10","src":{"file":"C:\/Users\/ebard\/OneDrive - Florida Polytechnic University\/Documents\/R\/win-library\/4.1\/DT\/htmlwidgets\/lib\/nouislider"},"meta":null,"script":"jquery.nouislider.min.js","stylesheet":"jquery.nouislider.min.css","head":null,"attachment":null,"package":null,"all_files":true},{"name":"selectize","version":"0.12.0","src":{"file":"C:\/Users\/ebard\/OneDrive - Florida Polytechnic University\/Documents\/R\/win-library\/4.1\/DT\/htmlwidgets\/lib\/selectize"},"meta":null,"script":"selectize.min.js","stylesheet":"selectize.bootstrap3.css","head":null,"attachment":null,"package":null,"all_files":true},{"name":"jquery","version":"3.5.1","src":{"file":"lib\/jquery"},"meta":null,"script":"jquery.min.js","stylesheet":null,"head":null,"attachment":null,"package":"crosstalk","all_files":true},{"name":"crosstalk","version":"1.2.0","src":{"file":"www"},"meta":null,"script":"js\/crosstalk.min.js","stylesheet":"css\/crosstalk.min.css","head":null,"attachment":null,"package":"crosstalk","all_files":true}]
