"0","library(ggplot2)"
"0","library(sf)"
"0","library(rnaturalearth)"
"0",""
"0","world <- ne_countries(scale = ""medium"", returnclass = ""sf"", type = 'map_units')"
"0","class(world)"
"1","[1]"
"1"," ""sf""        "
"1"," ""data.frame"""
"1","
"
"0","sf::sf_use_s2(FALSE)"
"0",""
"0","europe_cropped <- st_crop(world, xmin = -20, xmax = 45,"
"0","                                    ymin = 30, ymax = 73)"
"2","although coordinates are longitude/latitude, st_intersection assumes that they are planar
"
"2","Warning:"
"2"," attribute variables are assumed to be spatially constant throughout all geometries
"
"0","ggplot() + geom_sf(data = europe_cropped) + theme_bw()"
