"0","ggplot(us, aes(x = date)) + "
"0","  geom_area(aes(y = perc_sequences, color = variant, fill = variant), alpha = 0.5, position = ""dodge"") + "
"0","  geom_line(aes(y = new_cases_per_million / 40)) + "
"0","  scale_y_continuous(""Percent of Sequences"", sec.axis=sec_axis(~.*40, name = ""New Cases Per Million"")) + "
"0","  theme_minimal() + "
"0","  labs(title = ""Proportion of Covid Variants vs New Cases Per Million"") -> p"
"0",""
"0","ggplotly(p)"
"2","Warning:"
"2"," Width not defined. Set with `position_dodge(width = ?)`
"
