"0","#Cases vs Prevalent Variant"
"0","ggplot(data = us, aes(x = date)) + "
"0","  geom_area(aes(y = perc_sequences, color = variant, fill = variant), show.legend =FALSE, alpha = 0.5, position = ""dodge"") + "
"0","  geom_line(aes(y = new_cases_smoothed_per_million / 40)) + "
"0","  scale_y_continuous(""Percent of Sequences"", sec.axis=sec_axis(~.*40, name = ""New Cases Per Million"")) + "
"0","  theme_minimal() + "
"0","  labs(title = paste(my_location, ""- Proportion of Covid Variants vs New Cases Per Million""))  +"
"0","  annotate(geom=""label"", x=ymd(20210501), y=50, label=""Alpha"") +"
"0","  annotate(geom=""label"", x=ymd(20210901), y=75, label=""Delta"") +"
"0","  annotate(geom=""label"", x=ymd(20220215), y=75, label=""Omicron"")"
"2","Warning:"
"2"," Width not defined. Set with `position_dodge(width = ?)`
"
"2","Warning in max(ids, na.rm = TRUE) :"
"2","
 "
"2"," no non-missing arguments to max; returning -Inf
"
"2","Warning:"
"2"," Removed 7 row(s) containing missing values (geom_path).
"
