"0","world_variants_loc <- left_join(world_variants_df, covid[, c(""location"", ""iso_code"")], by = ""location"", all.x = TRUE, all.y = FALSE) %>% "
"0","  rename(gu_a3 = iso_code) %>% "
"0","  unique()"
"0",""
"0","world_cases_per_mil_loc <- left_join(world_cases_per_mil_df, covid[, c(""location"", ""iso_code"")], by = ""location"", all.x = TRUE, all.y = FALSE) %>% "
"0","  rename(gu_a3 = iso_code) %>% "
"0","  unique()"
"0",""
"0","world_cases_loc <- left_join(world_cases_df, covid[, c(""location"", ""iso_code"")], by = ""location"", all.x = TRUE, all.y = FALSE) %>% "
"0","  rename(gu_a3 = iso_code) %>% "
"0","  unique()"
"0",""
"0","world_variants_map <- left_join(world, world_variants_loc, by = ""gu_a3"", all.x = TRUE)"
"0",""
"0","world_cases_per_mil_map <- left_join(world, world_cases_per_mil_loc, by = ""gu_a3"", all.x = TRUE)"
"0",""
"0","world_cases_map <- left_join(world, world_cases_loc, by = ""gu_a3"", all.x = TRUE)"
