{"chunk_definitions":[{"row":7,"row_count":1,"visible":true,"expansion_state":0,"options":{"engine":"r","include":false,"label":"unnamed-chunk-1"},"document_id":"454EDB1E","chunk_id":"cx0bc38insqe9","chunk_label":"unnamed-chunk-1"},{"row":24,"row_count":1,"visible":true,"expansion_state":0,"options":{"engine":"r","echo":false,"message":false,"warning":false,"comment":false,"label":"unnamed-chunk-2"},"document_id":"454EDB1E","chunk_id":"cfzsq7yyvdj9p","chunk_label":"unnamed-chunk-2"},{"row":28,"row_count":1,"visible":true,"expansion_state":0,"options":{"engine":"r","label":"unnamed-chunk-58"},"document_id":"454EDB1E","chunk_id":"c6ey6xoi7h8vn","chunk_label":"unnamed-chunk-3"},{"row":31,"row_count":1,"visible":true,"expansion_state":0,"options":{},"document_id":"454EDB1E","chunk_id":"cufbdcu26zdm9","chunk_label":"unnamed-chunk-4"},{"row":52,"row_count":1,"visible":true,"expansion_state":0,"options":{"engine":"r","echo":false,"warning":false,"label":"unnamed-chunk-5"},"document_id":"454EDB1E","chunk_id":"cp9l531kfci2w","chunk_label":"unnamed-chunk-5"},{"row":61,"row_count":1,"visible":true,"expansion_state":0,"options":{"engine":"r","label":"unnamed-chunk-6"},"document_id":"454EDB1E","chunk_id":"circr5dv1x1ee","chunk_label":"unnamed-chunk-6"},{"row":65,"row_count":1,"visible":true,"expansion_state":0,"options":{"engine":"r","label":"unnamed-chunk-7"},"document_id":"454EDB1E","chunk_id":"cpypq5ddfr6in","chunk_label":"unnamed-chunk-7"},{"row":69,"row_count":1,"visible":true,"expansion_state":0,"options":{"engine":"r","label":"unnamed-chunk-8"},"document_id":"454EDB1E","chunk_id":"cmfcyku6l6zml","chunk_label":"unnamed-chunk-8"},{"row":80,"row_count":1,"visible":true,"expansion_state":0,"options":{"engine":"r","label":"unnamed-chunk-9"},"document_id":"454EDB1E","chunk_id":"cqrroffcadyr0","chunk_label":"unnamed-chunk-9"},{"row":102,"row_count":1,"visible":true,"expansion_state":0,"options":{"engine":"r","label":"unnamed-chunk-10"},"document_id":"454EDB1E","chunk_id":"cz5wilsi3yj1l","chunk_label":"unnamed-chunk-10"},{"row":197,"row_count":1,"visible":true,"expansion_state":0,"options":{"engine":"r","label":"US Plots"},"document_id":"454EDB1E","chunk_id":"c69d7zzs89zlh","chunk_label":"\"US Plots\""},{"row":201,"row_count":1,"visible":true,"expansion_state":0,"options":{"engine":"r","label":"unnamed-chunk-11"},"document_id":"454EDB1E","chunk_id":"c7zrwv3jzhf1m","chunk_label":"unnamed-chunk-11"},{"row":217,"row_count":1,"visible":true,"expansion_state":0,"options":{"engine":"r","label":"unnamed-chunk-12"},"document_id":"454EDB1E","chunk_id":"cwdv9zsevchx4","chunk_label":"unnamed-chunk-12"},{"row":221,"row_count":1,"visible":true,"expansion_state":0,"options":{"engine":"r","label":"unnamed-chunk-13"},"document_id":"454EDB1E","chunk_id":"cqtjbebavyds3","chunk_label":"unnamed-chunk-13"},{"row":225,"row_count":1,"visible":true,"expansion_state":0,"options":{"engine":"r","label":"unnamed-chunk-14"},"document_id":"454EDB1E","chunk_id":"cp9nuz2fqaizo","chunk_label":"unnamed-chunk-14"},{"row":240,"row_count":1,"visible":true,"expansion_state":0,"options":{"engine":"r","label":"unnamed-chunk-15"},"document_id":"454EDB1E","chunk_id":"cn1azgw59r9hx","chunk_label":"unnamed-chunk-15"},{"row":262,"row_count":1,"visible":true,"expansion_state":0,"options":{"engine":"r","label":"unnamed-chunk-16"},"document_id":"454EDB1E","chunk_id":"cryo18p8z3f7z","chunk_label":"unnamed-chunk-16"},{"row":274,"row_count":1,"visible":true,"expansion_state":0,"options":{"engine":"r","warning":false,"label":"unnamed-chunk-17"},"document_id":"454EDB1E","chunk_id":"cwrot5aw9gvf9","chunk_label":"unnamed-chunk-17"},{"row":294,"row_count":1,"visible":true,"expansion_state":0,"options":{"engine":"r","label":"unnamed-chunk-18"},"document_id":"454EDB1E","chunk_id":"cag8ayh5waffv","chunk_label":"unnamed-chunk-18"},{"row":331,"row_count":1,"visible":true,"expansion_state":0,"options":{"engine":"r","label":"unnamed-chunk-19"},"document_id":"454EDB1E","chunk_id":"clr5h2um523kl","chunk_label":"unnamed-chunk-19"},{"row":372,"row_count":1,"visible":true,"expansion_state":0,"options":{"engine":"r","label":"unnamed-chunk-20"},"document_id":"454EDB1E","chunk_id":"clat4e8mowqyc","chunk_label":"unnamed-chunk-20"},{"row":413,"row_count":1,"visible":true,"expansion_state":0,"options":{"engine":"r","label":"unnamed-chunk-21"},"document_id":"454EDB1E","chunk_id":"ckqep24l1mfrw","chunk_label":"unnamed-chunk-21"},{"row":425,"row_count":1,"visible":true,"expansion_state":0,"options":{"engine":"r","label":"unnamed-chunk-22"},"document_id":"454EDB1E","chunk_id":"cuxvcmm9fgra8","chunk_label":"unnamed-chunk-22"},{"row":436,"row_count":1,"visible":true,"expansion_state":0,"options":{"engine":"r","label":"unnamed-chunk-23"},"document_id":"454EDB1E","chunk_id":"csvc5otae8req","chunk_label":"unnamed-chunk-23"},{"row":477,"row_count":1,"visible":true,"expansion_state":0,"options":{"engine":"r","label":"unnamed-chunk-24"},"document_id":"454EDB1E","chunk_id":"cxys81i6qm5kr","chunk_label":"unnamed-chunk-24"},{"row":495,"row_count":1,"visible":true,"expansion_state":0,"options":{"engine":"r","label":"unnamed-chunk-25"},"document_id":"454EDB1E","chunk_id":"czlzjcfge5eo1","chunk_label":"unnamed-chunk-25"},{"row":503,"row_count":1,"visible":true,"expansion_state":0,"options":{"engine":"r","label":"unnamed-chunk-26"},"document_id":"454EDB1E","chunk_id":"c97zx0gqd5eyu","chunk_label":"unnamed-chunk-26"},{"row":518,"row_count":1,"visible":true,"expansion_state":0,"options":{"engine":"r","label":"unnamed-chunk-27"},"document_id":"454EDB1E","chunk_id":"ct88fmkp5e248","chunk_label":"unnamed-chunk-27"},{"row":532,"row_count":1,"visible":true,"expansion_state":0,"options":{"engine":"r","label":"unnamed-chunk-28"},"document_id":"454EDB1E","chunk_id":"cfgcfhnbt00lt","chunk_label":"unnamed-chunk-28"},{"row":546,"row_count":1,"visible":true,"expansion_state":0,"options":{"engine":"r","label":"unnamed-chunk-29"},"document_id":"454EDB1E","chunk_id":"cv0geju6yx5dc","chunk_label":"unnamed-chunk-29"},{"row":559,"row_count":1,"visible":true,"expansion_state":0,"options":{"engine":"r","label":"unnamed-chunk-30"},"document_id":"454EDB1E","chunk_id":"c07ky50y6x9sg","chunk_label":"unnamed-chunk-30"},{"row":572,"row_count":1,"visible":true,"expansion_state":0,"options":{"engine":"r","label":"unnamed-chunk-31"},"document_id":"454EDB1E","chunk_id":"cd5ngpxtw3fak","chunk_label":"unnamed-chunk-31"},{"row":585,"row_count":1,"visible":true,"expansion_state":0,"options":{"engine":"r","label":"unnamed-chunk-32"},"document_id":"454EDB1E","chunk_id":"ckxqrnuoqudas","chunk_label":"unnamed-chunk-32"},{"row":627,"row_count":1,"visible":true,"expansion_state":0,"options":{"engine":"r","label":"unnamed-chunk-33"},"document_id":"454EDB1E","chunk_id":"civmnjyj2clvc","chunk_label":"unnamed-chunk-33"},{"row":633,"row_count":1,"visible":true,"expansion_state":0,"options":{"engine":"r","label":"unnamed-chunk-34"},"document_id":"454EDB1E","chunk_id":"cfotlg79oikxd","chunk_label":"unnamed-chunk-34"},{"row":735,"row_count":1,"visible":true,"expansion_state":0,"options":{"engine":"r","label":"unnamed-chunk-35"},"document_id":"454EDB1E","chunk_id":"cyl303svk7mer","chunk_label":"unnamed-chunk-35"},{"row":748,"row_count":1,"visible":true,"expansion_state":0,"options":{"engine":"r","label":"unnamed-chunk-36"},"document_id":"454EDB1E","chunk_id":"cts07e4wesp3v","chunk_label":"unnamed-chunk-36"},{"row":853,"row_count":1,"visible":true,"expansion_state":0,"options":{"engine":"r","label":"unnamed-chunk-37"},"document_id":"454EDB1E","chunk_id":"cijohny6zp0hj","chunk_label":"unnamed-chunk-37"},{"row":956,"row_count":1,"visible":true,"expansion_state":0,"options":{"engine":"r","label":"unnamed-chunk-38"},"document_id":"454EDB1E","chunk_id":"c7zmhyj300o0z","chunk_label":"unnamed-chunk-38"},{"row":1059,"row_count":1,"visible":true,"expansion_state":0,"options":{"engine":"r","label":"unnamed-chunk-39"},"document_id":"454EDB1E","chunk_id":"c7jt5s4cw53kl","chunk_label":"unnamed-chunk-39"},{"row":1066,"row_count":1,"visible":true,"expansion_state":0,"options":{"engine":"r","label":"unnamed-chunk-40"},"document_id":"454EDB1E","chunk_id":"c9fgf34zwp0db","chunk_label":"unnamed-chunk-40"},{"row":1170,"row_count":1,"visible":true,"expansion_state":0,"options":{"engine":"r","label":"unnamed-chunk-41"},"document_id":"454EDB1E","chunk_id":"cwxlrcyuczckg","chunk_label":"unnamed-chunk-41"},{"row":1177,"row_count":1,"visible":true,"expansion_state":0,"options":{"engine":"r","label":"unnamed-chunk-42"},"document_id":"454EDB1E","chunk_id":"c8x5m83leh6f0","chunk_label":"unnamed-chunk-42"},{"row":1281,"row_count":1,"visible":true,"expansion_state":0,"options":{"engine":"r","label":"unnamed-chunk-43"},"document_id":"454EDB1E","chunk_id":"c0sgirn80e7xh","chunk_label":"unnamed-chunk-43"},{"row":1384,"row_count":1,"visible":true,"expansion_state":0,"options":{"engine":"r","label":"unnamed-chunk-44"},"document_id":"454EDB1E","chunk_id":"cclpltelz5h4h","chunk_label":"unnamed-chunk-44"},{"row":1391,"row_count":1,"visible":true,"expansion_state":0,"options":{"engine":"r","label":"unnamed-chunk-45"},"document_id":"454EDB1E","chunk_id":"c9rphwuvsfq0p","chunk_label":"unnamed-chunk-45"},{"row":1495,"row_count":1,"visible":true,"expansion_state":0,"options":{"engine":"r","label":"unnamed-chunk-46"},"document_id":"454EDB1E","chunk_id":"cfcw32c3d59bx","chunk_label":"unnamed-chunk-46"},{"row":1598,"row_count":1,"visible":true,"expansion_state":0,"options":{"engine":"r","label":"unnamed-chunk-47"},"document_id":"454EDB1E","chunk_id":"cjmqyi1c0pws9","chunk_label":"unnamed-chunk-47"},{"row":1605,"row_count":1,"visible":true,"expansion_state":0,"options":{"engine":"r","label":"unnamed-chunk-48"},"document_id":"454EDB1E","chunk_id":"c1dll3mefi4um","chunk_label":"unnamed-chunk-48"},{"row":1709,"row_count":1,"visible":true,"expansion_state":0,"options":{"engine":"r","label":"unnamed-chunk-49"},"document_id":"454EDB1E","chunk_id":"c4yse5rgw7tok","chunk_label":"unnamed-chunk-49"}],"doc_write_time":1651003213,"chunk_rendered_width":700}